BEGIN;

-- Core demo tenant and warehouse
INSERT INTO public.tenants (id, name)
VALUES ('11111111-1111-1111-1111-111111111111', 'Demo Cold Storage')
ON CONFLICT (id) DO UPDATE SET name = EXCLUDED.name;

INSERT INTO public.warehouses (
  id,
  tenant_id,
  warehouse_name,
  warehouse_code,
  city,
  state
)
VALUES (
  '22222222-2222-2222-2222-222222222222',
  '11111111-1111-1111-1111-111111111111',
  'Main Godown',
  'WH-001',
  'Guntur',
  'Andhra Pradesh'
)
ON CONFLICT (id) DO UPDATE SET
  warehouse_name = EXCLUDED.warehouse_name,
  warehouse_code = EXCLUDED.warehouse_code,
  city = EXCLUDED.city,
  state = EXCLUDED.state;

INSERT INTO public.warehouse_settings (warehouse_id, tenant_id)
VALUES (
  '22222222-2222-2222-2222-222222222222',
  '11111111-1111-1111-1111-111111111111'
)
ON CONFLICT (warehouse_id) DO NOTHING;

-- Reset warehouse-scoped demo fixtures
DELETE FROM public.lots
WHERE warehouse_id = '22222222-2222-2222-2222-222222222222';

DELETE FROM public.customers
WHERE warehouse_id = '22222222-2222-2222-2222-222222222222';

DELETE FROM public.products
WHERE tenant_id = '11111111-1111-1111-1111-111111111111';

-- Products
INSERT INTO public.products (id, tenant_id, product_name, stale_days_limit, storage_temperature)
VALUES
  ('44444444-4444-4444-4444-444444444441', '11111111-1111-1111-1111-111111111111', 'Chilli', 180, '4-8C'),
  ('44444444-4444-4444-4444-444444444442', '11111111-1111-1111-1111-111111111111', 'Potato', 120, '8-12C'),
  ('44444444-4444-4444-4444-444444444443', '11111111-1111-1111-1111-111111111111', 'Onion', 90, '10-14C');

-- Customers (5)
INSERT INTO public.customers (id, warehouse_id, tenant_id, customer_name, phone, address, is_active)
VALUES
  ('33333333-3333-3333-3333-333333333331', '22222222-2222-2222-2222-222222222222', '11111111-1111-1111-1111-111111111111', 'Ravi Traders', '9000000001', 'Arundelpet, Guntur', true),
  ('33333333-3333-3333-3333-333333333332', '22222222-2222-2222-2222-222222222222', '11111111-1111-1111-1111-111111111111', 'Lakshmi Agencies', '9000000002', 'Brodipet, Guntur', true),
  ('33333333-3333-3333-3333-333333333333', '22222222-2222-2222-2222-222222222222', '11111111-1111-1111-1111-111111111111', 'Sri Balaji Exports', '9000000003', 'Kothapet, Guntur', true),
  ('33333333-3333-3333-3333-333333333334', '22222222-2222-2222-2222-222222222222', '11111111-1111-1111-1111-111111111111', 'Annapurna Cold Chain', '9000000004', 'Nehru Nagar, Guntur', true),
  ('33333333-3333-3333-3333-333333333335', '22222222-2222-2222-2222-222222222222', '11111111-1111-1111-1111-111111111111', 'Madhavi Stores', '9000000005', 'Vidyanagar, Guntur', true);

-- Lots (20)
INSERT INTO public.lots (
  id,
  warehouse_id,
  tenant_id,
  customer_id,
  product_id,
  lot_number,
  original_bags,
  balance_bags,
  lodgement_date,
  rental_mode,
  rental_amount,
  status,
  charges_frozen,
  notes
)
VALUES
  ('55555555-5555-5555-5555-555555555501', '22222222-2222-2222-2222-222222222222', '11111111-1111-1111-1111-111111111111', '33333333-3333-3333-3333-333333333331', '44444444-4444-4444-4444-444444444441', '1001/25', 25, 25, '2026-03-01', 'MONTHLY', 1800, 'ACTIVE', false, 'Fresh inward'),
  ('55555555-5555-5555-5555-555555555502', '22222222-2222-2222-2222-222222222222', '11111111-1111-1111-1111-111111111111', '33333333-3333-3333-3333-333333333332', '44444444-4444-4444-4444-444444444441', '1002/40', 40, 36, '2026-02-20', 'MONTHLY', 2600, 'ACTIVE', false, 'Partially delivered'),
  ('55555555-5555-5555-5555-555555555503', '22222222-2222-2222-2222-222222222222', '11111111-1111-1111-1111-111111111111', '33333333-3333-3333-3333-333333333333', '44444444-4444-4444-4444-444444444442', '1003/30', 30, 30, '2026-01-11', 'YEARLY', 15000, 'STALE', false, 'Near stale limit'),
  ('55555555-5555-5555-5555-555555555504', '22222222-2222-2222-2222-222222222222', '11111111-1111-1111-1111-111111111111', '33333333-3333-3333-3333-333333333334', '44444444-4444-4444-4444-444444444443', '1004/12', 12, 0, '2025-12-22', 'MONTHLY', 900, 'DELIVERED', true, 'Fully delivered'),
  ('55555555-5555-5555-5555-555555555505', '22222222-2222-2222-2222-222222222222', '11111111-1111-1111-1111-111111111111', '33333333-3333-3333-3333-333333333335', '44444444-4444-4444-4444-444444444441', '1005/50', 50, 10, '2025-11-05', 'BROUGHT_FORWARD', 3200, 'ACTIVE', false, 'Legacy lot'),
  ('55555555-5555-5555-5555-555555555506', '22222222-2222-2222-2222-222222222222', '11111111-1111-1111-1111-111111111111', '33333333-3333-3333-3333-333333333331', '44444444-4444-4444-4444-444444444442', '1006/18', 18, 18, '2026-03-10', 'MONTHLY', 1200, 'ACTIVE', false, 'Prime quality'),
  ('55555555-5555-5555-5555-555555555507', '22222222-2222-2222-2222-222222222222', '11111111-1111-1111-1111-111111111111', '33333333-3333-3333-3333-333333333332', '44444444-4444-4444-4444-444444444443', '1007/22', 22, 22, '2026-03-12', 'MONTHLY', 1450, 'ACTIVE', false, 'Awaiting dispatch'),
  ('55555555-5555-5555-5555-555555555508', '22222222-2222-2222-2222-222222222222', '11111111-1111-1111-1111-111111111111', '33333333-3333-3333-3333-333333333333', '44444444-4444-4444-4444-444444444441', '1008/35', 35, 35, '2026-01-28', 'YEARLY', 17000, 'STALE', false, 'Stale review pending'),
  ('55555555-5555-5555-5555-555555555509', '22222222-2222-2222-2222-222222222222', '11111111-1111-1111-1111-111111111111', '33333333-3333-3333-3333-333333333334', '44444444-4444-4444-4444-444444444442', '1009/14', 14, 0, '2025-10-14', 'MONTHLY', 980, 'CLEARED', true, 'Closed account'),
  ('55555555-5555-5555-5555-555555555510', '22222222-2222-2222-2222-222222222222', '11111111-1111-1111-1111-111111111111', '33333333-3333-3333-3333-333333333335', '44444444-4444-4444-4444-444444444443', '1010/28', 28, 28, '2026-02-01', 'MONTHLY', 1880, 'ACTIVE', false, 'Regular lot'),
  ('55555555-5555-5555-5555-555555555511', '22222222-2222-2222-2222-222222222222', '11111111-1111-1111-1111-111111111111', '33333333-3333-3333-3333-333333333331', '44444444-4444-4444-4444-444444444441', '1011/33', 33, 33, '2026-02-05', 'MONTHLY', 2100, 'ACTIVE', false, 'Dry cargo'),
  ('55555555-5555-5555-5555-555555555512', '22222222-2222-2222-2222-222222222222', '11111111-1111-1111-1111-111111111111', '33333333-3333-3333-3333-333333333332', '44444444-4444-4444-4444-444444444441', '1012/26', 26, 26, '2026-01-09', 'YEARLY', 13800, 'WRITTEN_OFF', true, 'Spoilage claim settled'),
  ('55555555-5555-5555-5555-555555555513', '22222222-2222-2222-2222-222222222222', '11111111-1111-1111-1111-111111111111', '33333333-3333-3333-3333-333333333333', '44444444-4444-4444-4444-444444444442', '1013/24', 24, 24, '2026-03-02', 'MONTHLY', 1540, 'ACTIVE', false, 'New season'),
  ('55555555-5555-5555-5555-555555555514', '22222222-2222-2222-2222-222222222222', '11111111-1111-1111-1111-111111111111', '33333333-3333-3333-3333-333333333334', '44444444-4444-4444-4444-444444444443', '1014/31', 31, 19, '2026-02-15', 'MONTHLY', 1960, 'ACTIVE', false, 'Two outwards completed'),
  ('55555555-5555-5555-5555-555555555515', '22222222-2222-2222-2222-222222222222', '11111111-1111-1111-1111-111111111111', '33333333-3333-3333-3333-333333333335', '44444444-4444-4444-4444-444444444441', '1015/16', 16, 16, '2026-02-18', 'MONTHLY', 1120, 'ACTIVE', false, 'Cold chamber 3'),
  ('55555555-5555-5555-5555-555555555516', '22222222-2222-2222-2222-222222222222', '11111111-1111-1111-1111-111111111111', '33333333-3333-3333-3333-333333333331', '44444444-4444-4444-4444-444444444442', '1016/29', 29, 29, '2026-03-05', 'MONTHLY', 1820, 'ACTIVE', false, 'Awaiting QC'),
  ('55555555-5555-5555-5555-555555555517', '22222222-2222-2222-2222-222222222222', '11111111-1111-1111-1111-111111111111', '33333333-3333-3333-3333-333333333332', '44444444-4444-4444-4444-444444444443', '1017/34', 34, 34, '2026-01-19', 'YEARLY', 16600, 'DISPUTED', true, 'Weight mismatch dispute'),
  ('55555555-5555-5555-5555-555555555518', '22222222-2222-2222-2222-222222222222', '11111111-1111-1111-1111-111111111111', '33333333-3333-3333-3333-333333333333', '44444444-4444-4444-4444-444444444441', '1018/20', 20, 20, '2026-03-14', 'MONTHLY', 1360, 'ACTIVE', false, 'Ready for release'),
  ('55555555-5555-5555-5555-555555555519', '22222222-2222-2222-2222-222222222222', '11111111-1111-1111-1111-111111111111', '33333333-3333-3333-3333-333333333334', '44444444-4444-4444-4444-444444444442', '1019/27', 27, 27, '2026-03-16', 'MONTHLY', 1720, 'ACTIVE', false, 'Short term storage'),
  ('55555555-5555-5555-5555-555555555520', '22222222-2222-2222-2222-222222222222', '11111111-1111-1111-1111-111111111111', '33333333-3333-3333-3333-333333333335', '44444444-4444-4444-4444-444444444443', '1020/21', 21, 21, '2026-03-18', 'MONTHLY', 1400, 'ACTIVE', false, 'Latest inward');

COMMIT;
